{"cameraMode":{"drawMode":0,"name":"Shaded","section":"Shading Mode"},"sceneLighting":false,"audioPlay":false,"sceneViewState":{"showFog":false,"showMaterialUpdate":true,"showSkybox":false,"showFlares":true,"showImageEffects":true,"showParticleSystems":true},"in2DMode":false,"pivot":{"x":0.0002636909484863281,"y":0.9703625440597534,"z":0.013126909732818604},"rotation":{"x":-0.20297160744667054,"y":-0.7098791003227234,"z":0.22685357928276063,"w":-0.635146975517273},"size":4.243436813354492,"orthographic":false}