{"cameraMode":{"drawMode":0,"name":"Shaded","section":"Shading Mode"},"sceneLighting":true,"audioPlay":false,"sceneViewState":{"showFog":false,"showMaterialUpdate":true,"showSkybox":true,"showFlares":true,"showImageEffects":true,"showParticleSystems":true},"in2DMode":false,"pivot":{"x":420.2226257324219,"y":264.4793395996094,"z":8.403350830078125},"rotation":{"x":-0.0647054985165596,"y":0.0424947664141655,"z":-0.0027579546440392734,"w":-0.9969956874847412},"size":485.8370056152344,"orthographic":false}