{"cameraMode":{"drawMode":0,"name":"Shaded","section":"Shading Mode"},"sceneLighting":false,"audioPlay":false,"sceneViewState":{"showFog":false,"showMaterialUpdate":true,"showSkybox":false,"showFlares":true,"showImageEffects":true,"showParticleSystems":true},"in2DMode":false,"pivot":{"x":-0.31966447830200198,"y":5.626873016357422,"z":-4.351775169372559},"rotation":{"x":-0.01871825009584427,"y":0.9799953699111939,"z":-0.11221548914909363,"w":-0.16346576809883119},"size":13.88797664642334,"orthographic":false}