{"cameraMode":{"drawMode":0,"name":"Shaded","section":"Shading Mode"},"sceneLighting":false,"audioPlay":false,"sceneViewState":{"showFog":false,"showMaterialUpdate":true,"showSkybox":false,"showFlares":true,"showImageEffects":true,"showParticleSystems":true},"in2DMode":false,"pivot":{"x":1.3971877098083497,"y":2.636852502822876,"z":2.484661102294922},"rotation":{"x":0.12235035747289658,"y":-0.7607350945472717,"z":0.15025262534618379,"w":0.6194643378257752},"size":32.344146728515628,"orthographic":false}